Model,Accuracy,Precision,Recall,F1-Score,AUC-ROC,TP,TN,FP,FN,Validation_Acc,CrossVal_Mean,CrossVal_Std
Decision Tree,0.8695652173913043,0.8709454796411318,0.8695652173913043,0.8685481820493262,0,10.0,10.0,1.5,1.5,0.9090909090909091,0.9614285714285714,0.05562263523980512
Logistic Regression,0.8695652173913043,0.8709454796411318,0.8695652173913043,0.8685481820493262,0,10.0,10.0,1.5,1.5,0.9090909090909091,0.9319047619047618,0.04897127669402835
K-Nearest Neighbors,0.8260869565217391,0.8326086956521739,0.8260869565217391,0.8226363008971704,0,9.5,9.5,2.0,2.0,0.9090909090909091,0.9519047619047619,0.0521727463801994
